{"cameraMode":{"drawMode":0,"name":"Shaded","section":"Shading Mode"},"sceneLighting":false,"audioPlay":false,"sceneViewState":{"showFog":true,"showMaterialUpdate":false,"showSkybox":false,"showFlares":true,"showImageEffects":true,"showParticleSystems":true,"showVisualEffectGraphs":true,"m_FxEnabled":true},"in2DMode":false,"pivot":{"x":-0.09636072814464569,"y":-0.31432628631591799,"z":-1.2794833183288575},"rotation":{"x":0.7070013284683228,"y":-0.012721098028123379,"z":0.012731852009892464,"w":0.7069984078407288},"size":9.396382331848145,"orthographic":false}